{
    "affinity_pred_value": 0.19730299711227417,
    "affinity_probability_binary": 0.06341828405857086,
    "affinity_pred_value1": 0.24873429536819458,
    "affinity_probability_binary1": 0.030489418655633926,
    "affinity_pred_value2": 0.14587171375751495,
    "affinity_probability_binary2": 0.0963471531867981
}