{
    "affinity_pred_value": 0.21789205074310303,
    "affinity_probability_binary": 0.2873975932598114,
    "affinity_pred_value1": 0.9136722683906555,
    "affinity_probability_binary1": 0.15133513510227203,
    "affinity_pred_value2": -0.47788816690444946,
    "affinity_probability_binary2": 0.4234600365161896
}