{
    "affinity_pred_value": 1.61051344871521,
    "affinity_probability_binary": 0.1466461420059204,
    "affinity_pred_value1": 1.8156088590621948,
    "affinity_probability_binary1": 0.0425574816763401,
    "affinity_pred_value2": 1.405418038368225,
    "affinity_probability_binary2": 0.250734806060791
}