{
    "affinity_pred_value": -0.6386969089508057,
    "affinity_probability_binary": 0.5556894540786743,
    "affinity_pred_value1": 0.3462384343147278,
    "affinity_probability_binary1": 0.355663001537323,
    "affinity_pred_value2": -1.6236321926116943,
    "affinity_probability_binary2": 0.7557159662246704
}