{
    "affinity_pred_value": 0.23834705352783203,
    "affinity_probability_binary": 0.32130134105682373,
    "affinity_pred_value1": 0.4425634741783142,
    "affinity_probability_binary1": 0.18720802664756775,
    "affinity_pred_value2": 0.03413062170147896,
    "affinity_probability_binary2": 0.4553946554660797
}