{
    "affinity_pred_value": -1.2725061178207397,
    "affinity_probability_binary": 0.4352802038192749,
    "affinity_pred_value1": -0.5727258324623108,
    "affinity_probability_binary1": 0.2853797376155853,
    "affinity_pred_value2": -1.9722864627838135,
    "affinity_probability_binary2": 0.5851806402206421
}