{
    "affinity_pred_value": -0.6983994245529175,
    "affinity_probability_binary": 0.2949460744857788,
    "affinity_pred_value1": -0.4262520968914032,
    "affinity_probability_binary1": 0.4383832812309265,
    "affinity_pred_value2": -0.9705467820167542,
    "affinity_probability_binary2": 0.1515088528394699
}