{
    "affinity_pred_value": 0.6372273564338684,
    "affinity_probability_binary": 0.25164687633514404,
    "affinity_pred_value1": 0.9976493120193481,
    "affinity_probability_binary1": 0.12632837891578674,
    "affinity_pred_value2": 0.2768053710460663,
    "affinity_probability_binary2": 0.37696540355682373
}