{
    "affinity_pred_value": 0.3673055171966553,
    "affinity_probability_binary": 0.205110102891922,
    "affinity_pred_value1": 0.4263337254524231,
    "affinity_probability_binary1": 0.22019651532173157,
    "affinity_pred_value2": 0.30827727913856506,
    "affinity_probability_binary2": 0.19002367556095123
}