{
    "affinity_pred_value": 0.03897402808070183,
    "affinity_probability_binary": 0.24737173318862915,
    "affinity_pred_value1": -0.07109520584344864,
    "affinity_probability_binary1": 0.06034298241138458,
    "affinity_pred_value2": 0.1490432620048523,
    "affinity_probability_binary2": 0.4344004988670349
}