{
    "affinity_pred_value": -0.32766953110694885,
    "affinity_probability_binary": 0.1406356692314148,
    "affinity_pred_value1": -0.6635713577270508,
    "affinity_probability_binary1": 0.1156405508518219,
    "affinity_pred_value2": 0.008232299238443375,
    "affinity_probability_binary2": 0.16563080251216888
}