{
    "affinity_pred_value": -0.5492894649505615,
    "affinity_probability_binary": 0.21178877353668213,
    "affinity_pred_value1": -0.4666098952293396,
    "affinity_probability_binary1": 0.13810907304286957,
    "affinity_pred_value2": -0.6319689750671387,
    "affinity_probability_binary2": 0.2854684889316559
}