{
    "affinity_pred_value": 0.29091519117355347,
    "affinity_probability_binary": 0.24965275824069977,
    "affinity_pred_value1": -0.18489933013916016,
    "affinity_probability_binary1": 0.25464481115341187,
    "affinity_pred_value2": 0.7667297124862671,
    "affinity_probability_binary2": 0.24466070532798767
}