{
    "affinity_pred_value": 1.5181429386138916,
    "affinity_probability_binary": 0.245125412940979,
    "affinity_pred_value1": 1.7926362752914429,
    "affinity_probability_binary1": 0.20082926750183105,
    "affinity_pred_value2": 1.2436497211456299,
    "affinity_probability_binary2": 0.28942155838012695
}