{
    "affinity_pred_value": 0.35719919204711914,
    "affinity_probability_binary": 0.12392108142375946,
    "affinity_pred_value1": 0.3089924156665802,
    "affinity_probability_binary1": 0.08895684033632278,
    "affinity_pred_value2": 0.4054059684276581,
    "affinity_probability_binary2": 0.15888532996177673
}