{
    "affinity_pred_value": -0.20721884071826935,
    "affinity_probability_binary": 0.2901199758052826,
    "affinity_pred_value1": -0.567747950553894,
    "affinity_probability_binary1": 0.29017239809036255,
    "affinity_pred_value2": 0.15331026911735535,
    "affinity_probability_binary2": 0.29006755352020264
}