{
    "affinity_pred_value": -0.9467791318893433,
    "affinity_probability_binary": 0.89919114112854,
    "affinity_pred_value1": -1.4517985582351685,
    "affinity_probability_binary1": 0.9221222400665283,
    "affinity_pred_value2": -0.4417596757411957,
    "affinity_probability_binary2": 0.8762601017951965
}