{
    "affinity_pred_value": -0.1328902244567871,
    "affinity_probability_binary": 0.3587891757488251,
    "affinity_pred_value1": -0.3584500551223755,
    "affinity_probability_binary1": 0.361743301153183,
    "affinity_pred_value2": 0.09266962110996246,
    "affinity_probability_binary2": 0.35583505034446716
}