{
    "affinity_pred_value": -0.5647158622741699,
    "affinity_probability_binary": 0.8903918862342834,
    "affinity_pred_value1": -0.38172611594200134,
    "affinity_probability_binary1": 0.8741028904914856,
    "affinity_pred_value2": -0.7477056384086609,
    "affinity_probability_binary2": 0.9066808819770813
}