{
    "affinity_pred_value": -1.6020324230194092,
    "affinity_probability_binary": 0.9242936372756958,
    "affinity_pred_value1": -1.5904817581176758,
    "affinity_probability_binary1": 0.9543622136116028,
    "affinity_pred_value2": -1.613582968711853,
    "affinity_probability_binary2": 0.8942251205444336
}