{
    "affinity_pred_value": 0.3217178285121918,
    "affinity_probability_binary": 0.3922154903411865,
    "affinity_pred_value1": 0.4677574634552002,
    "affinity_probability_binary1": 0.28719496726989746,
    "affinity_pred_value2": 0.17567819356918335,
    "affinity_probability_binary2": 0.4972360134124756
}