{
    "affinity_pred_value": -0.11727110296487808,
    "affinity_probability_binary": 0.5646368861198425,
    "affinity_pred_value1": -0.21630257368087769,
    "affinity_probability_binary1": 0.6554526090621948,
    "affinity_pred_value2": -0.01823963224887848,
    "affinity_probability_binary2": 0.47382113337516785
}