{
    "affinity_pred_value": -0.10581234097480774,
    "affinity_probability_binary": 0.41110509634017944,
    "affinity_pred_value1": -0.1427808701992035,
    "affinity_probability_binary1": 0.4822602868080139,
    "affinity_pred_value2": -0.06884381175041199,
    "affinity_probability_binary2": 0.33994990587234497
}