{
    "affinity_pred_value": -0.23344644904136658,
    "affinity_probability_binary": 0.44265884160995483,
    "affinity_pred_value1": 0.23102331161499023,
    "affinity_probability_binary1": 0.29833781719207764,
    "affinity_pred_value2": -0.6979162096977234,
    "affinity_probability_binary2": 0.586979866027832
}