{
    "affinity_pred_value": -0.672397255897522,
    "affinity_probability_binary": 0.7455103993415833,
    "affinity_pred_value1": -0.7639541625976562,
    "affinity_probability_binary1": 0.8231335282325745,
    "affinity_pred_value2": -0.5808404088020325,
    "affinity_probability_binary2": 0.667887270450592
}