{
    "affinity_pred_value": -0.5027172565460205,
    "affinity_probability_binary": 0.533539891242981,
    "affinity_pred_value1": -0.5933933258056641,
    "affinity_probability_binary1": 0.6043375730514526,
    "affinity_pred_value2": -0.4120411276817322,
    "affinity_probability_binary2": 0.4627421498298645
}