{
    "affinity_pred_value": 0.19701483845710754,
    "affinity_probability_binary": 0.26908278465270996,
    "affinity_pred_value1": -0.04968683421611786,
    "affinity_probability_binary1": 0.1600762903690338,
    "affinity_pred_value2": 0.44371649622917175,
    "affinity_probability_binary2": 0.3780892789363861
}