{
    "affinity_pred_value": -1.1083922386169434,
    "affinity_probability_binary": 0.7928991317749023,
    "affinity_pred_value1": -0.949256181716919,
    "affinity_probability_binary1": 0.8033970594406128,
    "affinity_pred_value2": -1.2675282955169678,
    "affinity_probability_binary2": 0.7824011445045471
}