{
    "affinity_pred_value": -1.4196678400039673,
    "affinity_probability_binary": 0.928640604019165,
    "affinity_pred_value1": -1.5509018898010254,
    "affinity_probability_binary1": 0.9681233763694763,
    "affinity_pred_value2": -1.2884337902069092,
    "affinity_probability_binary2": 0.889157772064209
}