{
    "affinity_pred_value": -1.96245539188385,
    "affinity_probability_binary": 0.9408342838287354,
    "affinity_pred_value1": -2.069152355194092,
    "affinity_probability_binary1": 0.9844322204589844,
    "affinity_pred_value2": -1.8557584285736084,
    "affinity_probability_binary2": 0.8972363471984863
}