{
    "affinity_pred_value": -1.603692650794983,
    "affinity_probability_binary": 0.9340803027153015,
    "affinity_pred_value1": -1.4080185890197754,
    "affinity_probability_binary1": 0.9514291286468506,
    "affinity_pred_value2": -1.7993667125701904,
    "affinity_probability_binary2": 0.9167314767837524
}