{
    "affinity_pred_value": -2.003824234008789,
    "affinity_probability_binary": 0.9661351442337036,
    "affinity_pred_value1": -1.9744219779968262,
    "affinity_probability_binary1": 0.9971675276756287,
    "affinity_pred_value2": -2.033226251602173,
    "affinity_probability_binary2": 0.9351028203964233
}