file,count,mean_all,mean_first32,mean_rest,median,std
L1000_nim_10.txt,64,0.364375,0.3615625,0.36718749999999994,0.355,0.24855755746909003
L1000_nim_200.txt,64,0.12343749999999999,0.121875,0.125,0.12,0.012401959270615274
L3000_nim_10.txt,64,0.09828125,0.0984375,0.098125,0.1,0.017814555802418985
L3000_nim_200.txt,64,0.07265625,0.071875,0.07343749999999999,0.065,0.042874897503521796
