file,mean_group1,mean_group2
L1000_nim_10.txt,0.6128125,0.1159375
L1000_nim_200.txt,0.13375,0.11312499999999999
L3000_nim_10.txt,0.08125000000000002,0.11531249999999998
L3000_nim_200.txt,0.03,0.11531249999999998
