{
    "affinity_pred_value": 0.4304555654525757,
    "affinity_probability_binary": 0.118040069937706,
    "affinity_pred_value1": 0.5208360552787781,
    "affinity_probability_binary1": 0.0836932361125946,
    "affinity_pred_value2": 0.3400751054286957,
    "affinity_probability_binary2": 0.15238690376281738
}