{
    "affinity_pred_value": -0.9734860062599182,
    "affinity_probability_binary": 0.3873197138309479,
    "affinity_pred_value1": -0.5308545827865601,
    "affinity_probability_binary1": 0.3755594789981842,
    "affinity_pred_value2": -1.4161174297332764,
    "affinity_probability_binary2": 0.39907994866371155
}