{
    "affinity_pred_value": -0.5994037985801697,
    "affinity_probability_binary": 0.3435137867927551,
    "affinity_pred_value1": -0.839203417301178,
    "affinity_probability_binary1": 0.4168209731578827,
    "affinity_pred_value2": -0.35960420966148376,
    "affinity_probability_binary2": 0.27020660042762756
}