{
    "affinity_pred_value": -0.5998745560646057,
    "affinity_probability_binary": 0.07314951717853546,
    "affinity_pred_value1": -0.9470521807670593,
    "affinity_probability_binary1": 0.08569969236850739,
    "affinity_pred_value2": -0.2526969313621521,
    "affinity_probability_binary2": 0.060599349439144135
}