{
    "affinity_pred_value": -0.17821070551872253,
    "affinity_probability_binary": 0.8564974069595337,
    "affinity_pred_value1": -0.4386468827724457,
    "affinity_probability_binary1": 0.8916160464286804,
    "affinity_pred_value2": 0.0822254866361618,
    "affinity_probability_binary2": 0.8213788270950317
}