{
    "affinity_pred_value": -0.8206101655960083,
    "affinity_probability_binary": 0.4369316101074219,
    "affinity_pred_value1": -1.1359156370162964,
    "affinity_probability_binary1": 0.5172094702720642,
    "affinity_pred_value2": -0.5053046345710754,
    "affinity_probability_binary2": 0.35665372014045715
}