{
    "affinity_pred_value": 0.6823323369026184,
    "affinity_probability_binary": 0.2774612307548523,
    "affinity_pred_value1": 0.750059187412262,
    "affinity_probability_binary1": 0.1909109205007553,
    "affinity_pred_value2": 0.6146054863929749,
    "affinity_probability_binary2": 0.3640115261077881
}