{
    "affinity_pred_value": -1.485815405845642,
    "affinity_probability_binary": 0.9006302952766418,
    "affinity_pred_value1": -1.2140135765075684,
    "affinity_probability_binary1": 0.9167304635047913,
    "affinity_pred_value2": -1.7576172351837158,
    "affinity_probability_binary2": 0.8845301270484924
}