{
    "affinity_pred_value": 0.19411200284957886,
    "affinity_probability_binary": 0.4047148823738098,
    "affinity_pred_value1": -0.2014790028333664,
    "affinity_probability_binary1": 0.5618473887443542,
    "affinity_pred_value2": 0.5897030234336853,
    "affinity_probability_binary2": 0.24758240580558777
}