{
    "affinity_pred_value": -0.9334617853164673,
    "affinity_probability_binary": 0.817510724067688,
    "affinity_pred_value1": -0.8813337683677673,
    "affinity_probability_binary1": 0.8496508598327637,
    "affinity_pred_value2": -0.9855898022651672,
    "affinity_probability_binary2": 0.7853705286979675
}