{
    "affinity_pred_value": -0.7887227535247803,
    "affinity_probability_binary": 0.7986589670181274,
    "affinity_pred_value1": -1.285866379737854,
    "affinity_probability_binary1": 0.9327812194824219,
    "affinity_pred_value2": -0.2915791869163513,
    "affinity_probability_binary2": 0.664536714553833
}