{
    "affinity_pred_value": 0.3351905941963196,
    "affinity_probability_binary": 0.1255970299243927,
    "affinity_pred_value1": 0.08957673609256744,
    "affinity_probability_binary1": 0.07531367987394333,
    "affinity_pred_value2": 0.5808044672012329,
    "affinity_probability_binary2": 0.17588037252426147
}