{
    "affinity_pred_value": -0.9358488321304321,
    "affinity_probability_binary": 0.7678213119506836,
    "affinity_pred_value1": -1.5372018814086914,
    "affinity_probability_binary1": 0.8344357013702393,
    "affinity_pred_value2": -0.33449578285217285,
    "affinity_probability_binary2": 0.7012068629264832
}