{
    "affinity_pred_value": -1.3246521949768066,
    "affinity_probability_binary": 0.7875066995620728,
    "affinity_pred_value1": -1.6908962726593018,
    "affinity_probability_binary1": 0.8679748177528381,
    "affinity_pred_value2": -0.9584082365036011,
    "affinity_probability_binary2": 0.7070385217666626
}