{
    "affinity_pred_value": -1.520209550857544,
    "affinity_probability_binary": 0.9068509340286255,
    "affinity_pred_value1": -1.675363302230835,
    "affinity_probability_binary1": 0.9561225175857544,
    "affinity_pred_value2": -1.365055799484253,
    "affinity_probability_binary2": 0.8575792908668518
}