{
    "affinity_pred_value": -0.3862401843070984,
    "affinity_probability_binary": 0.355850487947464,
    "affinity_pred_value1": -0.046321358531713486,
    "affinity_probability_binary1": 0.19484299421310425,
    "affinity_pred_value2": -0.7261590361595154,
    "affinity_probability_binary2": 0.5168579816818237
}