{
    "affinity_pred_value": -0.11379334330558777,
    "affinity_probability_binary": 0.12040119618177414,
    "affinity_pred_value1": -0.39850056171417236,
    "affinity_probability_binary1": 0.08913449943065643,
    "affinity_pred_value2": 0.17091387510299683,
    "affinity_probability_binary2": 0.15166789293289185
}