{
    "affinity_pred_value": -1.5517377853393555,
    "affinity_probability_binary": 0.7090188264846802,
    "affinity_pred_value1": -2.0110507011413574,
    "affinity_probability_binary1": 0.9589719176292419,
    "affinity_pred_value2": -1.0924248695373535,
    "affinity_probability_binary2": 0.45906567573547363
}