{
    "affinity_pred_value": 0.38580888509750366,
    "affinity_probability_binary": 0.20872434973716736,
    "affinity_pred_value1": 0.1446496844291687,
    "affinity_probability_binary1": 0.17578662931919098,
    "affinity_pred_value2": 0.6269680857658386,
    "affinity_probability_binary2": 0.24166205525398254
}