{
    "affinity_pred_value": -0.4634636640548706,
    "affinity_probability_binary": 0.5270437002182007,
    "affinity_pred_value1": -0.9938957691192627,
    "affinity_probability_binary1": 0.7513580918312073,
    "affinity_pred_value2": 0.06696844100952148,
    "affinity_probability_binary2": 0.3027292788028717
}