{
    "affinity_pred_value": -1.7702187299728394,
    "affinity_probability_binary": 0.7887946963310242,
    "affinity_pred_value1": -2.0936317443847656,
    "affinity_probability_binary1": 0.8299471139907837,
    "affinity_pred_value2": -1.446805715560913,
    "affinity_probability_binary2": 0.7476422786712646
}