{
    "affinity_pred_value": -0.18614284694194794,
    "affinity_probability_binary": 0.5503665208816528,
    "affinity_pred_value1": 0.07976318150758743,
    "affinity_probability_binary1": 0.6106042861938477,
    "affinity_pred_value2": -0.4520488679409027,
    "affinity_probability_binary2": 0.4901287257671356
}