{
    "affinity_pred_value": -1.733972191810608,
    "affinity_probability_binary": 0.713344931602478,
    "affinity_pred_value1": -1.9057214260101318,
    "affinity_probability_binary1": 0.8683236241340637,
    "affinity_pred_value2": -1.562222957611084,
    "affinity_probability_binary2": 0.5583662986755371
}