{
    "affinity_pred_value": -0.7539757490158081,
    "affinity_probability_binary": 0.33729490637779236,
    "affinity_pred_value1": -0.9887779355049133,
    "affinity_probability_binary1": 0.44625961780548096,
    "affinity_pred_value2": -0.5191736221313477,
    "affinity_probability_binary2": 0.22833018004894257
}