{
    "affinity_pred_value": -1.6564109325408936,
    "affinity_probability_binary": 0.4674339294433594,
    "affinity_pred_value1": -2.0184545516967773,
    "affinity_probability_binary1": 0.5948196053504944,
    "affinity_pred_value2": -1.2943674325942993,
    "affinity_probability_binary2": 0.34004828333854675
}