{
    "affinity_pred_value": -1.8847339153289795,
    "affinity_probability_binary": 0.8032704591751099,
    "affinity_pred_value1": -1.946677803993225,
    "affinity_probability_binary1": 0.8897045850753784,
    "affinity_pred_value2": -1.8227900266647339,
    "affinity_probability_binary2": 0.7168363332748413
}