{
    "affinity_pred_value": -1.5111000537872314,
    "affinity_probability_binary": 0.8298922777175903,
    "affinity_pred_value1": -1.801060676574707,
    "affinity_probability_binary1": 0.9043494462966919,
    "affinity_pred_value2": -1.2211393117904663,
    "affinity_probability_binary2": 0.7554351687431335
}