{
    "affinity_pred_value": -0.18306486308574677,
    "affinity_probability_binary": 0.3238772749900818,
    "affinity_pred_value1": 0.40497520565986633,
    "affinity_probability_binary1": 0.13551852107048035,
    "affinity_pred_value2": -0.7711049318313599,
    "affinity_probability_binary2": 0.5122360587120056
}