{
    "affinity_pred_value": -0.8665218353271484,
    "affinity_probability_binary": 0.292416512966156,
    "affinity_pred_value1": -0.7730814218521118,
    "affinity_probability_binary1": 0.2659992277622223,
    "affinity_pred_value2": -0.9599623084068298,
    "affinity_probability_binary2": 0.3188338279724121
}