{
    "affinity_pred_value": -1.8239474296569824,
    "affinity_probability_binary": 0.7738527059555054,
    "affinity_pred_value1": -2.0297272205352783,
    "affinity_probability_binary1": 0.9111915230751038,
    "affinity_pred_value2": -1.618167757987976,
    "affinity_probability_binary2": 0.6365138292312622
}