{
    "affinity_pred_value": 0.13978813588619232,
    "affinity_probability_binary": 0.1969413012266159,
    "affinity_pred_value1": 0.40533745288848877,
    "affinity_probability_binary1": 0.10322019457817078,
    "affinity_pred_value2": -0.12576118111610413,
    "affinity_probability_binary2": 0.29066240787506104
}