{
    "affinity_pred_value": 0.6683577299118042,
    "affinity_probability_binary": 0.21664580702781677,
    "affinity_pred_value1": 0.9804377555847168,
    "affinity_probability_binary1": 0.19191673398017883,
    "affinity_pred_value2": 0.3562776744365692,
    "affinity_probability_binary2": 0.2413748949766159
}